{
  "EURUSD": {
    "M15": {
      "opens": [
        1.15985,
        1.1596,
        1.15996,
        1.15995,
        1.16051,
        1.15995,
        1.16022,
        1.16084,
        1.16054,
        1.1597,
        1.16065,
        1.16039,
        1.16104,
        1.16088,
        1.16129,
        1.16115,
        1.16104,
        1.16145,
        1.16168,
        1.16242,
        1.16158,
        1.16083,
        1.1611,
        1.16144,
        1.16071,
        1.16078,
        1.16066,
        1.16185,
        1.16162,
        1.16083,
        1.16065,
        1.1595,
        1.15904,
        1.15849,
        1.1586,
        1.15812,
        1.15826,
        1.15826,
        1.15869,
        1.15849,
        1.15861,
        1.15873,
        1.15911,
        1.15907,
        1.15875,
        1.15892,
        1.15879,
        1.15906,
        1.15923,
        1.15935,
        1.15922,
        1.15911,
        1.15941,
        1.15918,
        1.15926,
        1.15906,
        1.1593,
        1.15878,
        1.1595,
        1.15978,
        1.15934,
        1.15661,
        1.15556,
        1.15525,
        1.15551,
        1.15494,
        1.15468,
        1.15488,
        1.15478,
        1.1546,
        1.15489,
        1.15398,
        1.15393,
        1.15357,
        1.15344,
        1.15365,
        1.15352,
        1.15323,
        1.1536,
        1.15262,
        1.15188,
        1.15264,
        1.15303,
        1.15348,
        1.15274,
        1.1531,
        1.15233,
        1.15324,
        1.1534,
        1.15278,
        1.15278,
        1.15255,
        1.15239,
        1.15267,
        1.15272,
        1.15252
      ],
      "highs": [
        1.15995,
        1.16002,
        1.1603,
        1.16064,
        1.16054,
        1.16033,
        1.16108,
        1.16103,
        1.16056,
        1.16063,
        1.16192,
        1.16104,
        1.1613,
        1.16231,
        1.16169,
        1.16118,
        1.16201,
        1.16176,
        1.16256,
        1.1626,
        1.1617,
        1.16113,
        1.16158,
        1.1615,
        1.161,
        1.16103,
        1.16185,
        1.16235,
        1.16165,
        1.16084,
        1.16069,
        1.15952,
        1.15907,
        1.1588,
        1.15878,
        1.15843,
        1.15835,
        1.15872,
        1.15873,
        1.15877,
        1.15875,
        1.15914,
        1.15924,
        1.1591,
        1.15897,
        1.15897,
        1.15917,
        1.15936,
        1.15936,
        1.15936,
        1.15938,
        1.15945,
        1.15943,
        1.15929,
        1.15928,
        1.15954,
        1.15937,
        1.1595,
        1.15977,
        1.15995,
        1.15937,
        1.15667,
        1.15558,
        1.15599,
        1.15589,
        1.15495,
        1.15492,
        1.15489,
        1.15482,
        1.1549,
        1.15493,
        1.15416,
        1.15398,
        1.15363,
        1.15368,
        1.15391,
        1.15357,
        1.1536,
        1.15361,
        1.15292,
        1.15267,
        1.15305,
        1.15348,
        1.15363,
        1.15373,
        1.15313,
        1.15323,
        1.15346,
        1.15357,
        1.15303,
        1.15288,
        1.15271,
        1.15283,
        1.15319,
        1.15278,
        1.15481
      ],
      "lows": [
        1.15953,
        1.1596,
        1.15965,
        1.1599,
        1.15997,
        1.1599,
        1.16021,
        1.16013,
        1.15958,
        1.15967,
        1.16016,
        1.16002,
        1.16087,
        1.16088,
        1.16106,
        1.16068,
        1.16104,
        1.16093,
        1.16141,
        1.16151,
        1.16072,
        1.16055,
        1.16103,
        1.16064,
        1.16062,
        1.16065,
        1.16066,
        1.16141,
        1.16082,
        1.15981,
        1.15949,
        1.15888,
        1.1584,
        1.1579,
        1.15814,
        1.15784,
        1.15792,
        1.15824,
        1.15821,
        1.1584,
        1.15852,
        1.15872,
        1.15899,
        1.15869,
        1.15864,
        1.15869,
        1.15879,
        1.15903,
        1.15913,
        1.15917,
        1.15902,
        1.15911,
        1.15916,
        1.15908,
        1.15892,
        1.15889,
        1.15869,
        1.15875,
        1.15929,
        1.15823,
        1.15617,
        1.15484,
        1.15474,
        1.15525,
        1.15483,
        1.1545,
        1.15467,
        1.15452,
        1.15449,
        1.15458,
        1.15392,
        1.15387,
        1.15354,
        1.15338,
        1.1533,
        1.15354,
        1.15318,
        1.15323,
        1.15252,
        1.15188,
        1.15164,
        1.15249,
        1.15286,
        1.15279,
        1.15274,
        1.15199,
        1.15228,
        1.15294,
        1.15251,
        1.15255,
        1.15251,
        1.15241,
        1.15233,
        1.15264,
        1.1525,
        1.15191
      ],
      "closes": [
        1.15965,
        1.15995,
        1.15993,
        1.16052,
        1.15998,
        1.16023,
        1.16083,
        1.16054,
        1.15972,
        1.16062,
        1.16038,
        1.16104,
        1.16092,
        1.16131,
        1.16117,
        1.16103,
        1.16146,
        1.1617,
        1.16243,
        1.16157,
        1.16082,
        1.16113,
        1.16145,
        1.1607,
        1.1608,
        1.1607,
        1.16185,
        1.16161,
        1.16083,
        1.16066,
        1.15952,
        1.15907,
        1.15849,
        1.15863,
        1.15814,
        1.15825,
        1.15826,
        1.15871,
        1.15851,
        1.15859,
        1.15872,
        1.15913,
        1.15909,
        1.15875,
        1.15891,
        1.15882,
        1.15908,
        1.15923,
        1.15934,
        1.15924,
        1.15915,
        1.15942,
        1.15916,
        1.15926,
        1.15907,
        1.15932,
        1.15876,
        1.1595,
        1.15977,
        1.15936,
        1.15668,
        1.15556,
        1.15528,
        1.15554,
        1.15494,
        1.15467,
        1.15487,
        1.15481,
        1.15459,
        1.15488,
        1.154,
        1.15396,
        1.15357,
        1.15343,
        1.15367,
        1.15354,
        1.15323,
        1.1536,
        1.15263,
        1.15188,
        1.15267,
        1.15302,
        1.15348,
        1.15279,
        1.15312,
        1.15229,
        1.15323,
        1.15342,
        1.15281,
        1.15278,
        1.15254,
        1.15241,
        1.15269,
        1.15273,
        1.1525,
        1.15481
      ],